{
  "project_info": {
    "project_number": "609353565076",
    "project_id": "fir-08-2c737",
    "storage_bucket": "fir-08-2c737.appspot.com"
  },
  "client": [
    {
      "client_info": {
        "mobilesdk_app_id": "1:609353565076:android:f3be9cb1a1c6ff38d5c581",
        "android_client_info": {
          "package_name": "ie3a_2190257.firebase08"
        }
      },
      "oauth_client": [
        {
          "client_id": "609353565076-nl08dl62f4b2dkn3fqc003u6pv9d1hal.apps.googleusercontent.com",
          "client_type": 3
        }
      ],
      "api_key": [
        {
          "current_key": "AIzaSyCexGZ786_tlhThFLjmv_x16a8y_AE5YVU"
        }
      ],
      "services": {
        "appinvite_service": {
          "other_platform_oauth_client": [
            {
              "client_id": "609353565076-nl08dl62f4b2dkn3fqc003u6pv9d1hal.apps.googleusercontent.com",
              "client_type": 3
            }
          ]
        }
      }
    }
  ],
  "configuration_version": "1"
}